data_type,missing_count,missing_percentage,unique_count
object,53,0.23,21070
int64,0,0.0,23201
object,0,0.0,13128
bool,0,0.0,2
float64,0,0.0,13
float64,0,0.0,169
object,0,0.0,5
object,0,0.0,198
bool,0,0.0,2
object,0,0.0,5
object,0,0.0,6
object,0,0.0,1
object,0,0.0,1
object,0,0.0,3
object,0,0.0,3
object,0,0.0,47
object,0,0.0,18306
int64,0,0.0,9
object,0,0.0,19185
bool,0,0.0,2
float64,0,0.0,100
float64,0,0.0,72
object,0,0.0,476
float64,0,0.0,29
float64,0,0.0,23
object,0,0.0,238
object,0,0.0,6
object,0,0.0,11
object,0,0.0,1565
float64,0,0.0,41
object,0,0.0,6993
bool,0,0.0,1
