,data_type,missing_count,missing_percentage,unique_count
salary_midpoint_clean,float64,20433,88.07,170
skills_required_clean,string,547,2.36,19184
skills_required,string,547,2.36,19184
experience_min_clean,float64,455,1.96,22
experience_max_clean,float64,455,1.96,29
experience_midpoint_clean,float64,455,1.96,49
job_description,string,404,1.74,18305
job_description_clean,string,404,1.74,18305
job_url,string,53,0.23,21070
posted_date_raw,string,49,0.21,46
experience_raw,string,7,0.03,237
primary_city_clean,string,0,0.0,198
scraped_city_clean,string,0,0.0,11
work_mode_clean,string,0,0.0,3
experience_tier_clean,object,0,0.0,6
job_id,int64,0,0.0,23201
is_senior_clean,bool,0,0.0,2
days_since_posted,float64,0,0.0,13
scraped_date,datetime64[ns],0,0.0,1
skills_available,bool,0,0.0,2
skills_count_clean,int32,0,0.0,9
job_description_available,bool,0,0.0,2
salary_outlier_iqr,bool,0,0.0,2
job_title_length,Int64,0,0.0,72
job_title_word_count,int64,0,0.0,15
description_length,Int64,0,0.0,84
is_fresher_friendly,boolean,0,0.0,2
primary_city,string,0,0.0,198
salary_midpoint_lpa,float64,0,0.0,169
skill_domain,string,0,0.0,5
company_name,string,1,0.0,6992
company_rating,float64,0,0.0,41
location,string,0,0.0,1565
scraped_city,string,0,0.0,11
role_category,string,0,0.0,6
experience_min_yrs,float64,0,0.0,23
experience_max_yrs,float64,0,0.0,29
salary_raw,string,0,0.0,476
salary_min_lpa,float64,0,0.0,72
salary_max_lpa,float64,0,0.0,100
salary_disclosed,boolean,0,0.0,2
skills_count,int64,0,0.0,9
work_mode,string,0,0.0,3
company_size_bucket,string,0,0.0,3
scraped_at,datetime64[ns],0,0.0,1
salary_tier,string,0,0.0,6
experience_tier,string,0,0.0,5
is_senior,boolean,0,0.0,2
job_title,string,0,0.0,13128
description_word_count,int64,0,0.0,24
